[{"pk": 13, "model": "contenttypes.contenttype", "fields": {"model": "collection", "name": "collection", "app_label": "home"}}, {"pk": 17, "model": "contenttypes.contenttype", "fields": {"model": "comment", "name": "comment", "app_label": "comment"}}, {"pk": 5, "model": "contenttypes.contenttype", "fields": {"model": "contenttype", "name": "content type", "app_label": "contenttypes"}}, {"pk": 14, "model": "contenttypes.contenttype", "fields": {"model": "gallery", "name": "gallery", "app_label": "home"}}, {"pk": 2, "model": "contenttypes.contenttype", "fields": {"model": "group", "name": "group", "app_label": "auth"}}, {"pk": 15, "model": "contenttypes.contenttype", "fields": {"model": "image", "name": "image", "app_label": "home"}}, {"pk": 8, "model": "contenttypes.contenttype", "fields": {"model": "logentry", "name": "log entry", "app_label": "admin"}}, {"pk": 4, "model": "contenttypes.contenttype", "fields": {"model": "message", "name": "message", "app_label": "auth"}}, {"pk": 1, "model": "contenttypes.contenttype", "fields": {"model": "permission", "name": "permission", "app_label": "auth"}}, {"pk": 10, "model": "contenttypes.contenttype", "fields": {"model": "property", "name": "property", "app_label": "property"}}, {"pk": 11, "model": "contenttypes.contenttype", "fields": {"model": "propertydata", "name": "property data", "app_label": "property"}}, {"pk": 12, "model": "contenttypes.contenttype", "fields": {"model": "propertytext", "name": "property text", "app_label": "property"}}, {"pk": 9, "model": "contenttypes.contenttype", "fields": {"model": "propertytype", "name": "property type", "app_label": "property"}}, {"pk": 6, "model": "contenttypes.contenttype", "fields": {"model": "session", "name": "session", "app_label": "sessions"}}, {"pk": 7, "model": "contenttypes.contenttype", "fields": {"model": "site", "name": "site", "app_label": "sites"}}, {"pk": 16, "model": "contenttypes.contenttype", "fields": {"model": "thread", "name": "thread", "app_label": "comment"}}, {"pk": 3, "model": "contenttypes.contenttype", "fields": {"model": "user", "name": "user", "app_label": "auth"}}, {"pk": 1, "model": "sites.site", "fields": {"domain": "blackhan.ch", "name": "blackhan.ch"}}, {"pk": 161, "model": "admin.logentry", "fields": {"action_flag": 2, "action_time": "2011-04-03 01:47:52", "object_repr": "Star Wars", "object_id": "4", "change_message": "Changed data.", "user": 2, "content_type": 11}}, {"pk": 160, "model": "admin.logentry", "fields": {"action_flag": 2, "action_time": "2011-04-03 01:47:45", "object_repr": "Micro Machines", "object_id": "3", "change_message": "Changed data.", "user": 2, "content_type": 11}}, {"pk": 159, "model": "admin.logentry", "fields": {"action_flag": 2, "action_time": "2011-04-03 01:47:14", "object_repr": "LHS Image", "object_id": "3", "change_message": "Changed data.", "user": 2, "content_type": 11}}, {"pk": 158, "model": "admin.logentry", "fields": {"action_flag": 2, "action_time": "2011-04-03 01:46:59", "object_repr": "RHS Image", "object_id": "4", "change_message": "Changed data.", "user": 2, "content_type": 11}}, {"pk": 157, "model": "admin.logentry", "fields": {"action_flag": 2, "action_time": "2011-04-03 01:46:51", "object_repr": "About", "object_id": "7", "change_message": "Changed data.", "user": 2, "content_type": 11}}, {"pk": 156, "model": "admin.logentry", "fields": {"action_flag": 2, "action_time": "2011-04-03 01:46:12", "object_repr": "serdar.kalfa", "object_id": "2", "change_message": "Changed is_staff.", "user": 1, "content_type": 3}}, {"pk": 155, "model": "admin.logentry", "fields": {"action_flag": 2, "action_time": "2011-04-03 01:04:38", "object_repr": "blackhan.ch", "object_id": "1", "change_message": "No fields changed.", "user": 1, "content_type": 7}}, {"pk": 154, "model": "admin.logentry", "fields": {"action_flag": 2, "action_time": "2011-04-03 01:04:25", "object_repr": "user", "object_id": "1", "change_message": "Changed permissions.", "user": 1, "content_type": 2}}, {"pk": 153, "model": "admin.logentry", "fields": {"action_flag": 3, "action_time": "2011-04-03 01:01:57", "object_repr": "Thread #1 @ 2011-04-03 01:01:38.093511", "object_id": "65", "change_message": "", "user": 1, "content_type": 17}}, {"pk": 152, "model": "admin.logentry", "fields": {"action_flag": 3, "action_time": "2011-04-03 01:01:23", "object_repr": "Thread #2 @ 2011-03-20 16:17:38", "object_id": "2", "change_message": "", "user": 1, "content_type": 17}}, {"pk": 151, "model": "admin.logentry", "fields": {"action_flag": 3, "action_time": "2011-04-03 01:01:23", "object_repr": "Thread #1 @ 2011-03-20 16:34:03", "object_id": "3", "change_message": "", "user": 1, "content_type": 17}}, {"pk": 150, "model": "admin.logentry", "fields": {"action_flag": 2, "action_time": "2011-03-27 21:21:33", "object_repr": "serdar.kalfa", "object_id": "2", "change_message": "Changed user_permissions and groups.", "user": 1, "content_type": 3}}, {"pk": 149, "model": "admin.logentry", "fields": {"action_flag": 1, "action_time": "2011-03-27 21:21:17", "object_repr": "user", "object_id": "1", "change_message": "", "user": 1, "content_type": 2}}, {"pk": 148, "model": "admin.logentry", "fields": {"action_flag": 2, "action_time": "2011-03-27 21:19:48", "object_repr": "serdar.kalfa", "object_id": "2", "change_message": "Changed first_name, last_name, email and user_permissions.", "user": 1, "content_type": 3}}, {"pk": 147, "model": "admin.logentry", "fields": {"action_flag": 1, "action_time": "2011-03-27 21:18:18", "object_repr": "serdar.kalfa", "object_id": "2", "change_message": "", "user": 1, "content_type": 3}}, {"pk": 146, "model": "admin.logentry", "fields": {"action_flag": 2, "action_time": "2011-03-27 21:07:49", "object_repr": "<p>Lorem ipsum dolor sit amet, consectetur adipiscing elit. Etiam a est eu nunc sagittis consequat. Mauris lobortis felis ligula. Sed vestibulum diam in felis commodo blandit. Nunc aliquam vehicula ur", "object_id": "1", "change_message": "Changed text.", "user": 1, "content_type": 12}}, {"pk": 145, "model": "admin.logentry", "fields": {"action_flag": 2, "action_time": "2011-03-27 21:07:19", "object_repr": "<p>Lorem ipsum dolor sit amet, consectetur adipiscing elit. Etiam a est eu nunc sagittis consequat. Mauris lobortis felis ligula. Sed vestibulum diam in felis commodo blandit. Nunc aliquam vehicula ur", "object_id": "1", "change_message": "Changed text.", "user": 1, "content_type": 12}}, {"pk": 144, "model": "admin.logentry", "fields": {"action_flag": 2, "action_time": "2011-03-27 21:06:31", "object_repr": "Lorem ipsum dolor sit amet, consectetur adipiscing elit. Etiam a est eu nunc sagittis consequat. Mauris lobortis felis ligula. Sed vestibulum diam in felis commodo blandit. Nunc aliquam vehicula urna ", "object_id": "1", "change_message": "Changed text.", "user": 1, "content_type": 12}}, {"pk": 143, "model": "admin.logentry", "fields": {"action_flag": 2, "action_time": "2011-03-27 21:05:43", "object_repr": "about-href", "object_id": "8", "change_message": "Changed data for property data \"http://db.tt/17AFKgb\".", "user": 1, "content_type": 10}}, {"pk": 142, "model": "admin.logentry", "fields": {"action_flag": 2, "action_time": "2011-03-27 21:05:38", "object_repr": "about-desc", "object_id": "7", "change_message": "No fields changed.", "user": 1, "content_type": 10}}, {"pk": 141, "model": "admin.logentry", "fields": {"action_flag": 2, "action_time": "2011-03-27 21:03:54", "object_repr": "rhs-image-href", "object_id": "6", "change_message": "Changed data for property data \"http://db.tt/FkWImUC\".", "user": 1, "content_type": 10}}, {"pk": 140, "model": "admin.logentry", "fields": {"action_flag": 2, "action_time": "2011-03-27 21:03:16", "object_repr": "lhs-image-href", "object_id": "5", "change_message": "Changed data for property data \"http://db.tt/8SxRhkT\".", "user": 1, "content_type": 10}}, {"pk": 139, "model": "admin.logentry", "fields": {"action_flag": 2, "action_time": "2011-03-27 20:50:18", "object_repr": "Thread #3 @ 2011-03-20 16:41:00.009570", "object_id": "4", "change_message": "Changed text.", "user": 1, "content_type": 17}}, {"pk": 138, "model": "admin.logentry", "fields": {"action_flag": 2, "action_time": "2011-03-27 20:49:06", "object_repr": "Thread #1 @ 2011-03-27 18:31:08.655890", "object_id": "61", "change_message": "Changed text.", "user": 1, "content_type": 17}}, {"pk": 137, "model": "admin.logentry", "fields": {"action_flag": 2, "action_time": "2011-03-27 20:48:56", "object_repr": "Thread #1 @ 2011-03-27 18:31:05.922619", "object_id": "51", "change_message": "Changed text.", "user": 1, "content_type": 17}}, {"pk": 136, "model": "admin.logentry", "fields": {"action_flag": 2, "action_time": "2011-03-27 20:48:45", "object_repr": "Thread #1 @ 2011-03-27 18:31:03.389641", "object_id": "41", "change_message": "Changed text.", "user": 1, "content_type": 17}}, {"pk": 135, "model": "admin.logentry", "fields": {"action_flag": 2, "action_time": "2011-03-27 20:48:32", "object_repr": "Thread #1 @ 2011-03-27 18:31:00.960115", "object_id": "31", "change_message": "Changed text.", "user": 1, "content_type": 17}}, {"pk": 134, "model": "admin.logentry", "fields": {"action_flag": 2, "action_time": "2011-03-27 20:48:23", "object_repr": "Thread #1 @ 2011-03-27 18:30:58.124700", "object_id": "21", "change_message": "Changed text.", "user": 1, "content_type": 17}}, {"pk": 133, "model": "admin.logentry", "fields": {"action_flag": 2, "action_time": "2011-03-27 20:48:10", "object_repr": "Thread #1 @ 2011-03-27 18:30:55.456886", "object_id": "11", "change_message": "Changed text.", "user": 1, "content_type": 17}}, {"pk": 132, "model": "admin.logentry", "fields": {"action_flag": 2, "action_time": "2011-03-27 20:47:58", "object_repr": "Thread #1 @ 2011-03-20 16:34:03.419448", "object_id": "3", "change_message": "Changed text.", "user": 1, "content_type": 17}}, {"pk": 131, "model": "admin.logentry", "fields": {"action_flag": 2, "action_time": "2011-03-27 20:25:43", "object_repr": "Thread #1 @ 2011-03-20 16:11:00.073164", "object_id": "1", "change_message": "Changed text.", "user": 1, "content_type": 17}}, {"pk": 130, "model": "admin.logentry", "fields": {"action_flag": 2, "action_time": "2011-03-27 18:29:56", "object_repr": "Thread #3 @ 2011-03-20 16:41:00.009570", "object_id": "4", "change_message": "No fields changed.", "user": 1, "content_type": 17}}, {"pk": 129, "model": "admin.logentry", "fields": {"action_flag": 1, "action_time": "2011-03-27 18:27:00", "object_repr": "Thread #10", "object_id": "10", "change_message": "", "user": 1, "content_type": 16}}, {"pk": 128, "model": "admin.logentry", "fields": {"action_flag": 1, "action_time": "2011-03-27 18:26:51", "object_repr": "Thread #9", "object_id": "9", "change_message": "", "user": 1, "content_type": 16}}, {"pk": 127, "model": "admin.logentry", "fields": {"action_flag": 1, "action_time": "2011-03-27 18:26:22", "object_repr": "Thread #8", "object_id": "8", "change_message": "", "user": 1, "content_type": 16}}, {"pk": 124, "model": "admin.logentry", "fields": {"action_flag": 3, "action_time": "2011-03-27 18:25:36", "object_repr": "Thread #10", "object_id": "10", "change_message": "", "user": 1, "content_type": 16}}, {"pk": 125, "model": "admin.logentry", "fields": {"action_flag": 3, "action_time": "2011-03-27 18:25:36", "object_repr": "Thread #9", "object_id": "9", "change_message": "", "user": 1, "content_type": 16}}, {"pk": 126, "model": "admin.logentry", "fields": {"action_flag": 3, "action_time": "2011-03-27 18:25:36", "object_repr": "Thread #8", "object_id": "8", "change_message": "", "user": 1, "content_type": 16}}, {"pk": 123, "model": "admin.logentry", "fields": {"action_flag": 3, "action_time": "2011-03-27 18:22:07", "object_repr": "Thread #11", "object_id": "11", "change_message": "", "user": 1, "content_type": 16}}, {"pk": 122, "model": "admin.logentry", "fields": {"action_flag": 1, "action_time": "2011-03-27 18:21:47", "object_repr": "Thread #11", "object_id": "11", "change_message": "", "user": 1, "content_type": 16}}, {"pk": 121, "model": "admin.logentry", "fields": {"action_flag": 1, "action_time": "2011-03-27 18:21:44", "object_repr": "Thread #10", "object_id": "10", "change_message": "", "user": 1, "content_type": 16}}, {"pk": 120, "model": "admin.logentry", "fields": {"action_flag": 1, "action_time": "2011-03-27 18:21:35", "object_repr": "Thread #9", "object_id": "9", "change_message": "", "user": 1, "content_type": 16}}, {"pk": 119, "model": "admin.logentry", "fields": {"action_flag": 1, "action_time": "2011-03-27 18:21:31", "object_repr": "Thread #8", "object_id": "8", "change_message": "", "user": 1, "content_type": 16}}, {"pk": 118, "model": "admin.logentry", "fields": {"action_flag": 1, "action_time": "2011-03-27 18:21:28", "object_repr": "Thread #7", "object_id": "7", "change_message": "", "user": 1, "content_type": 16}}, {"pk": 117, "model": "admin.logentry", "fields": {"action_flag": 1, "action_time": "2011-03-27 18:21:25", "object_repr": "Thread #6", "object_id": "6", "change_message": "", "user": 1, "content_type": 16}}, {"pk": 116, "model": "admin.logentry", "fields": {"action_flag": 1, "action_time": "2011-03-27 18:21:22", "object_repr": "Thread #5", "object_id": "5", "change_message": "", "user": 1, "content_type": 16}}, {"pk": 115, "model": "admin.logentry", "fields": {"action_flag": 1, "action_time": "2011-03-27 18:21:18", "object_repr": "Thread #4", "object_id": "4", "change_message": "", "user": 1, "content_type": 16}}, {"pk": 113, "model": "admin.logentry", "fields": {"action_flag": 3, "action_time": "2011-03-27 18:17:40", "object_repr": "Thread #5", "object_id": "5", "change_message": "", "user": 1, "content_type": 16}}, {"pk": 114, "model": "admin.logentry", "fields": {"action_flag": 3, "action_time": "2011-03-27 18:17:40", "object_repr": "Thread #4", "object_id": "4", "change_message": "", "user": 1, "content_type": 16}}, {"pk": 109, "model": "admin.logentry", "fields": {"action_flag": 3, "action_time": "2011-03-27 18:17:39", "object_repr": "Thread #9", "object_id": "9", "change_message": "", "user": 1, "content_type": 16}}, {"pk": 110, "model": "admin.logentry", "fields": {"action_flag": 3, "action_time": "2011-03-27 18:17:39", "object_repr": "Thread #8", "object_id": "8", "change_message": "", "user": 1, "content_type": 16}}, {"pk": 111, "model": "admin.logentry", "fields": {"action_flag": 3, "action_time": "2011-03-27 18:17:39", "object_repr": "Thread #7", "object_id": "7", "change_message": "", "user": 1, "content_type": 16}}, {"pk": 112, "model": "admin.logentry", "fields": {"action_flag": 3, "action_time": "2011-03-27 18:17:39", "object_repr": "Thread #6", "object_id": "6", "change_message": "", "user": 1, "content_type": 16}}, {"pk": 108, "model": "admin.logentry", "fields": {"action_flag": 3, "action_time": "2011-03-27 18:17:38", "object_repr": "Thread #10", "object_id": "10", "change_message": "", "user": 1, "content_type": 16}}, {"pk": 107, "model": "admin.logentry", "fields": {"action_flag": 1, "action_time": "2011-03-27 18:12:53", "object_repr": "Thread #10", "object_id": "10", "change_message": "", "user": 1, "content_type": 16}}, {"pk": 106, "model": "admin.logentry", "fields": {"action_flag": 1, "action_time": "2011-03-27 18:12:44", "object_repr": "Thread #9", "object_id": "9", "change_message": "", "user": 1, "content_type": 16}}, {"pk": 105, "model": "admin.logentry", "fields": {"action_flag": 1, "action_time": "2011-03-27 18:12:29", "object_repr": "Thread #8", "object_id": "8", "change_message": "", "user": 1, "content_type": 16}}, {"pk": 104, "model": "admin.logentry", "fields": {"action_flag": 1, "action_time": "2011-03-27 18:12:26", "object_repr": "Thread #7", "object_id": "7", "change_message": "", "user": 1, "content_type": 16}}, {"pk": 103, "model": "admin.logentry", "fields": {"action_flag": 1, "action_time": "2011-03-27 18:12:14", "object_repr": "Thread #6", "object_id": "6", "change_message": "", "user": 1, "content_type": 16}}, {"pk": 102, "model": "admin.logentry", "fields": {"action_flag": 1, "action_time": "2011-03-27 18:12:10", "object_repr": "Thread #5", "object_id": "5", "change_message": "", "user": 1, "content_type": 16}}, {"pk": 101, "model": "admin.logentry", "fields": {"action_flag": 1, "action_time": "2011-03-27 18:12:05", "object_repr": "Thread #4", "object_id": "4", "change_message": "", "user": 1, "content_type": 16}}, {"pk": 99, "model": "admin.logentry", "fields": {"action_flag": 3, "action_time": "2011-03-27 18:04:43", "object_repr": "Thread #5", "object_id": "5", "change_message": "", "user": 1, "content_type": 16}}, {"pk": 100, "model": "admin.logentry", "fields": {"action_flag": 3, "action_time": "2011-03-27 18:04:43", "object_repr": "Thread #4", "object_id": "4", "change_message": "", "user": 1, "content_type": 16}}, {"pk": 96, "model": "admin.logentry", "fields": {"action_flag": 3, "action_time": "2011-03-27 18:04:42", "object_repr": "Thread #8", "object_id": "8", "change_message": "", "user": 1, "content_type": 16}}, {"pk": 97, "model": "admin.logentry", "fields": {"action_flag": 3, "action_time": "2011-03-27 18:04:42", "object_repr": "Thread #7", "object_id": "7", "change_message": "", "user": 1, "content_type": 16}}, {"pk": 98, "model": "admin.logentry", "fields": {"action_flag": 3, "action_time": "2011-03-27 18:04:42", "object_repr": "Thread #6", "object_id": "6", "change_message": "", "user": 1, "content_type": 16}}, {"pk": 93, "model": "admin.logentry", "fields": {"action_flag": 3, "action_time": "2011-03-27 18:04:41", "object_repr": "Thread #11", "object_id": "11", "change_message": "", "user": 1, "content_type": 16}}, {"pk": 94, "model": "admin.logentry", "fields": {"action_flag": 3, "action_time": "2011-03-27 18:04:41", "object_repr": "Thread #10", "object_id": "10", "change_message": "", "user": 1, "content_type": 16}}, {"pk": 95, "model": "admin.logentry", "fields": {"action_flag": 3, "action_time": "2011-03-27 18:04:41", "object_repr": "Thread #9", "object_id": "9", "change_message": "", "user": 1, "content_type": 16}}, {"pk": 89, "model": "admin.logentry", "fields": {"action_flag": 3, "action_time": "2011-03-27 18:04:40", "object_repr": "Thread #15", "object_id": "15", "change_message": "", "user": 1, "content_type": 16}}, {"pk": 90, "model": "admin.logentry", "fields": {"action_flag": 3, "action_time": "2011-03-27 18:04:40", "object_repr": "Thread #14", "object_id": "14", "change_message": "", "user": 1, "content_type": 16}}, {"pk": 91, "model": "admin.logentry", "fields": {"action_flag": 3, "action_time": "2011-03-27 18:04:40", "object_repr": "Thread #13", "object_id": "13", "change_message": "", "user": 1, "content_type": 16}}, {"pk": 92, "model": "admin.logentry", "fields": {"action_flag": 3, "action_time": "2011-03-27 18:04:40", "object_repr": "Thread #12", "object_id": "12", "change_message": "", "user": 1, "content_type": 16}}, {"pk": 88, "model": "admin.logentry", "fields": {"action_flag": 3, "action_time": "2011-03-27 18:04:39", "object_repr": "Thread #16", "object_id": "16", "change_message": "", "user": 1, "content_type": 16}}, {"pk": 87, "model": "admin.logentry", "fields": {"action_flag": 1, "action_time": "2011-03-27 17:51:16", "object_repr": "Thread #16", "object_id": "16", "change_message": "", "user": 1, "content_type": 16}}, {"pk": 86, "model": "admin.logentry", "fields": {"action_flag": 1, "action_time": "2011-03-27 17:51:13", "object_repr": "Thread #15", "object_id": "15", "change_message": "", "user": 1, "content_type": 16}}, {"pk": 85, "model": "admin.logentry", "fields": {"action_flag": 1, "action_time": "2011-03-27 17:51:09", "object_repr": "Thread #14", "object_id": "14", "change_message": "", "user": 1, "content_type": 16}}, {"pk": 84, "model": "admin.logentry", "fields": {"action_flag": 1, "action_time": "2011-03-27 17:51:05", "object_repr": "Thread #13", "object_id": "13", "change_message": "", "user": 1, "content_type": 16}}, {"pk": 83, "model": "admin.logentry", "fields": {"action_flag": 1, "action_time": "2011-03-27 17:51:02", "object_repr": "Thread #12", "object_id": "12", "change_message": "", "user": 1, "content_type": 16}}, {"pk": 82, "model": "admin.logentry", "fields": {"action_flag": 1, "action_time": "2011-03-27 17:50:58", "object_repr": "Thread #11", "object_id": "11", "change_message": "", "user": 1, "content_type": 16}}, {"pk": 81, "model": "admin.logentry", "fields": {"action_flag": 1, "action_time": "2011-03-27 17:50:54", "object_repr": "Thread #10", "object_id": "10", "change_message": "", "user": 1, "content_type": 16}}, {"pk": 80, "model": "admin.logentry", "fields": {"action_flag": 1, "action_time": "2011-03-27 17:50:50", "object_repr": "Thread #9", "object_id": "9", "change_message": "", "user": 1, "content_type": 16}}, {"pk": 79, "model": "admin.logentry", "fields": {"action_flag": 1, "action_time": "2011-03-27 17:50:45", "object_repr": "Thread #8", "object_id": "8", "change_message": "", "user": 1, "content_type": 16}}, {"pk": 78, "model": "admin.logentry", "fields": {"action_flag": 1, "action_time": "2011-03-27 17:50:41", "object_repr": "Thread #7", "object_id": "7", "change_message": "", "user": 1, "content_type": 16}}, {"pk": 77, "model": "admin.logentry", "fields": {"action_flag": 1, "action_time": "2011-03-27 17:50:35", "object_repr": "Thread #6", "object_id": "6", "change_message": "", "user": 1, "content_type": 16}}, {"pk": 76, "model": "admin.logentry", "fields": {"action_flag": 1, "action_time": "2011-03-27 17:50:27", "object_repr": "Thread #5", "object_id": "5", "change_message": "", "user": 1, "content_type": 16}}, {"pk": 75, "model": "admin.logentry", "fields": {"action_flag": 1, "action_time": "2011-03-27 17:50:23", "object_repr": "Thread #4", "object_id": "4", "change_message": "", "user": 1, "content_type": 16}}, {"pk": 73, "model": "admin.logentry", "fields": {"action_flag": 3, "action_time": "2011-03-27 17:22:56", "object_repr": "Thread #5", "object_id": "5", "change_message": "", "user": 1, "content_type": 16}}, {"pk": 74, "model": "admin.logentry", "fields": {"action_flag": 3, "action_time": "2011-03-27 17:22:56", "object_repr": "Thread #4", "object_id": "4", "change_message": "", "user": 1, "content_type": 16}}, {"pk": 70, "model": "admin.logentry", "fields": {"action_flag": 3, "action_time": "2011-03-27 17:22:55", "object_repr": "Thread #7", "object_id": "8", "change_message": "", "user": 1, "content_type": 16}}, {"pk": 71, "model": "admin.logentry", "fields": {"action_flag": 3, "action_time": "2011-03-27 17:22:55", "object_repr": "Thread #7", "object_id": "7", "change_message": "", "user": 1, "content_type": 16}}, {"pk": 72, "model": "admin.logentry", "fields": {"action_flag": 3, "action_time": "2011-03-27 17:22:55", "object_repr": "Thread #6", "object_id": "6", "change_message": "", "user": 1, "content_type": 16}}, {"pk": 66, "model": "admin.logentry", "fields": {"action_flag": 3, "action_time": "2011-03-27 17:22:54", "object_repr": "Thread #11", "object_id": "12", "change_message": "", "user": 1, "content_type": 16}}, {"pk": 67, "model": "admin.logentry", "fields": {"action_flag": 3, "action_time": "2011-03-27 17:22:54", "object_repr": "Thread #10", "object_id": "11", "change_message": "", "user": 1, "content_type": 16}}, {"pk": 68, "model": "admin.logentry", "fields": {"action_flag": 3, "action_time": "2011-03-27 17:22:54", "object_repr": "Thread #9", "object_id": "10", "change_message": "", "user": 1, "content_type": 16}}, {"pk": 69, "model": "admin.logentry", "fields": {"action_flag": 3, "action_time": "2011-03-27 17:22:54", "object_repr": "Thread #8", "object_id": "9", "change_message": "", "user": 1, "content_type": 16}}, {"pk": 64, "model": "admin.logentry", "fields": {"action_flag": 3, "action_time": "2011-03-27 17:22:53", "object_repr": "Thread #13", "object_id": "14", "change_message": "", "user": 1, "content_type": 16}}, {"pk": 65, "model": "admin.logentry", "fields": {"action_flag": 3, "action_time": "2011-03-27 17:22:53", "object_repr": "Thread #12", "object_id": "13", "change_message": "", "user": 1, "content_type": 16}}, {"pk": 60, "model": "admin.logentry", "fields": {"action_flag": 3, "action_time": "2011-03-27 17:22:52", "object_repr": "Thread #17", "object_id": "18", "change_message": "", "user": 1, "content_type": 16}}, {"pk": 61, "model": "admin.logentry", "fields": {"action_flag": 3, "action_time": "2011-03-27 17:22:52", "object_repr": "Thread #16", "object_id": "17", "change_message": "", "user": 1, "content_type": 16}}, {"pk": 62, "model": "admin.logentry", "fields": {"action_flag": 3, "action_time": "2011-03-27 17:22:52", "object_repr": "Thread #15", "object_id": "16", "change_message": "", "user": 1, "content_type": 16}}, {"pk": 63, "model": "admin.logentry", "fields": {"action_flag": 3, "action_time": "2011-03-27 17:22:52", "object_repr": "Thread #14", "object_id": "15", "change_message": "", "user": 1, "content_type": 16}}, {"pk": 56, "model": "admin.logentry", "fields": {"action_flag": 3, "action_time": "2011-03-27 17:22:51", "object_repr": "Thread #21", "object_id": "22", "change_message": "", "user": 1, "content_type": 16}}, {"pk": 57, "model": "admin.logentry", "fields": {"action_flag": 3, "action_time": "2011-03-27 17:22:51", "object_repr": "Thread #20", "object_id": "21", "change_message": "", "user": 1, "content_type": 16}}, {"pk": 58, "model": "admin.logentry", "fields": {"action_flag": 3, "action_time": "2011-03-27 17:22:51", "object_repr": "Thread #19", "object_id": "20", "change_message": "", "user": 1, "content_type": 16}}, {"pk": 59, "model": "admin.logentry", "fields": {"action_flag": 3, "action_time": "2011-03-27 17:22:51", "object_repr": "Thread #18", "object_id": "19", "change_message": "", "user": 1, "content_type": 16}}, {"pk": 53, "model": "admin.logentry", "fields": {"action_flag": 3, "action_time": "2011-03-27 17:22:50", "object_repr": "Thread #24", "object_id": "25", "change_message": "", "user": 1, "content_type": 16}}, {"pk": 54, "model": "admin.logentry", "fields": {"action_flag": 3, "action_time": "2011-03-27 17:22:50", "object_repr": "Thread #23", "object_id": "24", "change_message": "", "user": 1, "content_type": 16}}, {"pk": 55, "model": "admin.logentry", "fields": {"action_flag": 3, "action_time": "2011-03-27 17:22:50", "object_repr": "Thread #22", "object_id": "23", "change_message": "", "user": 1, "content_type": 16}}, {"pk": 52, "model": "admin.logentry", "fields": {"action_flag": 1, "action_time": "2011-03-26 16:57:57", "object_repr": "Thread #24", "object_id": "25", "change_message": "", "user": 1, "content_type": 16}}, {"pk": 51, "model": "admin.logentry", "fields": {"action_flag": 1, "action_time": "2011-03-26 16:57:52", "object_repr": "Thread #23", "object_id": "24", "change_message": "", "user": 1, "content_type": 16}}, {"pk": 50, "model": "admin.logentry", "fields": {"action_flag": 1, "action_time": "2011-03-26 16:57:48", "object_repr": "Thread #22", "object_id": "23", "change_message": "", "user": 1, "content_type": 16}}, {"pk": 49, "model": "admin.logentry", "fields": {"action_flag": 1, "action_time": "2011-03-26 16:57:44", "object_repr": "Thread #21", "object_id": "22", "change_message": "", "user": 1, "content_type": 16}}, {"pk": 48, "model": "admin.logentry", "fields": {"action_flag": 1, "action_time": "2011-03-26 16:57:41", "object_repr": "Thread #20", "object_id": "21", "change_message": "", "user": 1, "content_type": 16}}, {"pk": 47, "model": "admin.logentry", "fields": {"action_flag": 1, "action_time": "2011-03-26 16:57:38", "object_repr": "Thread #19", "object_id": "20", "change_message": "", "user": 1, "content_type": 16}}, {"pk": 46, "model": "admin.logentry", "fields": {"action_flag": 1, "action_time": "2011-03-26 16:57:35", "object_repr": "Thread #18", "object_id": "19", "change_message": "", "user": 1, "content_type": 16}}, {"pk": 45, "model": "admin.logentry", "fields": {"action_flag": 1, "action_time": "2011-03-26 16:57:31", "object_repr": "Thread #17", "object_id": "18", "change_message": "", "user": 1, "content_type": 16}}, {"pk": 44, "model": "admin.logentry", "fields": {"action_flag": 1, "action_time": "2011-03-26 16:57:12", "object_repr": "Thread #16", "object_id": "17", "change_message": "", "user": 1, "content_type": 16}}, {"pk": 43, "model": "admin.logentry", "fields": {"action_flag": 1, "action_time": "2011-03-26 16:57:07", "object_repr": "Thread #15", "object_id": "16", "change_message": "", "user": 1, "content_type": 16}}, {"pk": 42, "model": "admin.logentry", "fields": {"action_flag": 1, "action_time": "2011-03-26 16:57:03", "object_repr": "Thread #14", "object_id": "15", "change_message": "", "user": 1, "content_type": 16}}, {"pk": 41, "model": "admin.logentry", "fields": {"action_flag": 1, "action_time": "2011-03-26 16:57:00", "object_repr": "Thread #13", "object_id": "14", "change_message": "", "user": 1, "content_type": 16}}, {"pk": 40, "model": "admin.logentry", "fields": {"action_flag": 1, "action_time": "2011-03-26 16:56:57", "object_repr": "Thread #12", "object_id": "13", "change_message": "", "user": 1, "content_type": 16}}, {"pk": 39, "model": "admin.logentry", "fields": {"action_flag": 1, "action_time": "2011-03-26 16:56:53", "object_repr": "Thread #11", "object_id": "12", "change_message": "", "user": 1, "content_type": 16}}, {"pk": 38, "model": "admin.logentry", "fields": {"action_flag": 1, "action_time": "2011-03-26 16:56:50", "object_repr": "Thread #10", "object_id": "11", "change_message": "", "user": 1, "content_type": 16}}, {"pk": 37, "model": "admin.logentry", "fields": {"action_flag": 1, "action_time": "2011-03-26 16:56:46", "object_repr": "Thread #9", "object_id": "10", "change_message": "", "user": 1, "content_type": 16}}, {"pk": 36, "model": "admin.logentry", "fields": {"action_flag": 1, "action_time": "2011-03-26 16:56:42", "object_repr": "Thread #8", "object_id": "9", "change_message": "", "user": 1, "content_type": 16}}, {"pk": 35, "model": "admin.logentry", "fields": {"action_flag": 1, "action_time": "2011-03-26 16:56:35", "object_repr": "Thread #7", "object_id": "8", "change_message": "", "user": 1, "content_type": 16}}, {"pk": 34, "model": "admin.logentry", "fields": {"action_flag": 1, "action_time": "2011-03-26 16:56:29", "object_repr": "Thread #7", "object_id": "7", "change_message": "", "user": 1, "content_type": 16}}, {"pk": 33, "model": "admin.logentry", "fields": {"action_flag": 1, "action_time": "2011-03-26 16:56:25", "object_repr": "Thread #6", "object_id": "6", "change_message": "", "user": 1, "content_type": 16}}, {"pk": 32, "model": "admin.logentry", "fields": {"action_flag": 1, "action_time": "2011-03-26 16:56:19", "object_repr": "Thread #5", "object_id": "5", "change_message": "", "user": 1, "content_type": 16}}, {"pk": 31, "model": "admin.logentry", "fields": {"action_flag": 1, "action_time": "2011-03-26 16:56:16", "object_repr": "Thread #4", "object_id": "4", "change_message": "", "user": 1, "content_type": 16}}, {"pk": 30, "model": "admin.logentry", "fields": {"action_flag": 2, "action_time": "2011-03-26 16:54:40", "object_repr": "Thread #3", "object_id": "3", "change_message": "Changed name.", "user": 1, "content_type": 16}}, {"pk": 29, "model": "admin.logentry", "fields": {"action_flag": 2, "action_time": "2011-03-26 16:54:28", "object_repr": "Thread #2", "object_id": "2", "change_message": "Changed name.", "user": 1, "content_type": 16}}, {"pk": 28, "model": "admin.logentry", "fields": {"action_flag": 2, "action_time": "2011-03-26 16:54:17", "object_repr": "Thread #1", "object_id": "1", "change_message": "Changed name.", "user": 1, "content_type": 16}}, {"pk": 27, "model": "admin.logentry", "fields": {"action_flag": 1, "action_time": "2011-03-20 16:41:00", "object_repr": "Discussion @ 2011-03-20 16:41:00.009570", "object_id": "4", "change_message": "", "user": 1, "content_type": 17}}, {"pk": 26, "model": "admin.logentry", "fields": {"action_flag": 1, "action_time": "2011-03-20 16:40:35", "object_repr": "Discussion", "object_id": "3", "change_message": "", "user": 1, "content_type": 16}}, {"pk": 25, "model": "admin.logentry", "fields": {"action_flag": 1, "action_time": "2011-03-20 16:34:03", "object_repr": "Feedback @ 2011-03-20 16:34:03.419448", "object_id": "3", "change_message": "", "user": 1, "content_type": 17}}, {"pk": 24, "model": "admin.logentry", "fields": {"action_flag": 2, "action_time": "2011-03-20 16:24:33", "object_repr": "Feedback", "object_id": "1", "change_message": "Changed text for comment \"Feedback @ 2011-03-20 16:11:00.073164\".", "user": 1, "content_type": 16}}, {"pk": 23, "model": "admin.logentry", "fields": {"action_flag": 2, "action_time": "2011-03-20 16:17:48", "object_repr": "Feedback", "object_id": "1", "change_message": "No fields changed.", "user": 1, "content_type": 16}}, {"pk": 22, "model": "admin.logentry", "fields": {"action_flag": 1, "action_time": "2011-03-20 16:17:38", "object_repr": "Request", "object_id": "2", "change_message": "", "user": 1, "content_type": 16}}, {"pk": 21, "model": "admin.logentry", "fields": {"action_flag": 2, "action_time": "2011-03-20 16:11:00", "object_repr": "Feedback", "object_id": "1", "change_message": "Added comment \"[Feedback] 2011-03-20 16:11:00.073164\".", "user": 1, "content_type": 16}}, {"pk": 20, "model": "admin.logentry", "fields": {"action_flag": 1, "action_time": "2011-03-20 16:08:32", "object_repr": "Feedback", "object_id": "1", "change_message": "", "user": 1, "content_type": 16}}, {"pk": 19, "model": "admin.logentry", "fields": {"action_flag": 2, "action_time": "2011-03-05 16:01:33", "object_repr": "R2-D2", "object_id": "1", "change_message": "Changed name.", "user": 1, "content_type": 14}}, {"pk": 18, "model": "admin.logentry", "fields": {"action_flag": 2, "action_time": "2011-03-04 00:04:44", "object_repr": "blackhan.ch", "object_id": "1", "change_message": "Changed domain and name.", "user": 1, "content_type": 7}}, {"pk": 17, "model": "admin.logentry", "fields": {"action_flag": 2, "action_time": "2011-03-03 23:58:01", "object_repr": "<p>Lorem ipsum dolor sit amet, consectetur adipiscing elit. Proin venenatis suscipit nisi nec rutrum. Duis a nibh est. Aliquam erat volutpat. Phasellus pulvinar commodo viverra. Vestibulum leo nulla, ", "object_id": "1", "change_message": "Changed text.", "user": 1, "content_type": 12}}, {"pk": 16, "model": "admin.logentry", "fields": {"action_flag": 2, "action_time": "2011-03-03 23:57:21", "object_repr": "<p>Lorem ipsum dolor sit amet, consectetur adipiscing elit. Proin venenatis suscipit nisi nec rutrum. Duis a nibh est. Aliquam erat volutpat. Phasellus pulvinar commodo viverra. Vestibulum leo nulla, ", "object_id": "1", "change_message": "Changed text.", "user": 1, "content_type": 12}}, {"pk": 15, "model": "admin.logentry", "fields": {"action_flag": 2, "action_time": "2011-03-03 23:56:59", "object_repr": "<p>Lorem ipsum dolor sit amet, consectetur adipiscing elit. Proin venenatis suscipit nisi nec rutrum. Duis a nibh est. Aliquam erat volutpat. Phasellus pulvinar commodo viverra. Vestibulum leo nulla, ", "object_id": "1", "change_message": "Changed text.", "user": 1, "content_type": 12}}, {"pk": 14, "model": "admin.logentry", "fields": {"action_flag": 2, "action_time": "2011-03-03 23:56:09", "object_repr": "Lorem ipsum dolor sit amet, consectetur adipiscing elit. Proin venenatis suscipit nisi nec rutrum. Duis a nibh est. Aliquam erat volutpat. Phasellus pulvinar commodo viverra. Vestibulum leo nulla, pha", "object_id": "1", "change_message": "Changed text.", "user": 1, "content_type": 12}}, {"pk": 13, "model": "admin.logentry", "fields": {"action_flag": 2, "action_time": "2011-03-03 23:55:20", "object_repr": "about-text", "object_id": "9", "change_message": "No fields changed.", "user": 1, "content_type": 10}}, {"pk": 12, "model": "admin.logentry", "fields": {"action_flag": 2, "action_time": "2011-03-03 23:55:13", "object_repr": "about-desc", "object_id": "7", "change_message": "Changed data for property data \"Portrait\".", "user": 1, "content_type": 10}}, {"pk": 11, "model": "admin.logentry", "fields": {"action_flag": 2, "action_time": "2011-03-03 23:54:54", "object_repr": "lhs-image-desc", "object_id": "3", "change_message": "Changed data for property data \"Micro Machines\".", "user": 1, "content_type": 10}}, {"pk": 10, "model": "admin.logentry", "fields": {"action_flag": 2, "action_time": "2011-03-03 23:54:43", "object_repr": "rhs-image-desc", "object_id": "4", "change_message": "Changed data for property data \"Star Wars\".", "user": 1, "content_type": 10}}, {"pk": 9, "model": "admin.logentry", "fields": {"action_flag": 2, "action_time": "2011-03-03 23:54:14", "object_repr": "about-href", "object_id": "8", "change_message": "Changed data for property data \"http://db.tt/17AFKgb\".", "user": 1, "content_type": 10}}, {"pk": 8, "model": "admin.logentry", "fields": {"action_flag": 2, "action_time": "2011-03-03 23:53:41", "object_repr": "rhs-image-href", "object_id": "6", "change_message": "Changed data for property data \"http://db.tt/FkWImUC\".", "user": 1, "content_type": 10}}, {"pk": 7, "model": "admin.logentry", "fields": {"action_flag": 2, "action_time": "2011-03-03 23:53:04", "object_repr": "lhs-image-href", "object_id": "5", "change_message": "Changed data for property data \"http://db.tt/8SxRhkT\".", "user": 1, "content_type": 10}}, {"pk": 6, "model": "admin.logentry", "fields": {"action_flag": 1, "action_time": "2011-03-03 23:50:08", "object_repr": "Episode II", "object_id": "2", "change_message": "", "user": 1, "content_type": 13}}, {"pk": 5, "model": "admin.logentry", "fields": {"action_flag": 2, "action_time": "2011-03-03 23:49:33", "object_repr": "Darth Vader", "object_id": "3", "change_message": "Added image \"Figure #1\". Added image \"Figure #2\". Added image \"Figure #3\". Added image \"Figure #4\".", "user": 1, "content_type": 14}}, {"pk": 4, "model": "admin.logentry", "fields": {"action_flag": 2, "action_time": "2011-03-03 23:48:43", "object_repr": "Yoda", "object_id": "2", "change_message": "Added image \"Figure #1\". Added image \"Figure #2\". Added image \"Figure #3\". Added image \"Figure #4\".", "user": 1, "content_type": 14}}, {"pk": 3, "model": "admin.logentry", "fields": {"action_flag": 2, "action_time": "2011-03-03 23:47:39", "object_repr": "R2D2", "object_id": "1", "change_message": "Added image \"Figure #1\". Added image \"Figure #2\". Added image \"Figure #3\". Added image \"Figure #4\".", "user": 1, "content_type": 14}}, {"pk": 2, "model": "admin.logentry", "fields": {"action_flag": 2, "action_time": "2011-03-03 23:46:19", "object_repr": "Episode I", "object_id": "1", "change_message": "Changed url for gallery \"Darth Vader\".", "user": 1, "content_type": 13}}, {"pk": 1, "model": "admin.logentry", "fields": {"action_flag": 1, "action_time": "2011-03-03 23:45:33", "object_repr": "Episode I", "object_id": "1", "change_message": "", "user": 1, "content_type": 13}}, {"pk": 1, "model": "property.propertytype", "fields": {"regex": ".*", "name": "string"}}, {"pk": 2, "model": "property.propertytype", "fields": {"regex": ".*", "name": "url"}}, {"pk": 1, "model": "property.property", "fields": {"type": 1, "name": "title"}}, {"pk": 2, "model": "property.property", "fields": {"type": 1, "name": "sub-title"}}, {"pk": 3, "model": "property.property", "fields": {"type": 1, "name": "lhs-image-desc"}}, {"pk": 4, "model": "property.property", "fields": {"type": 1, "name": "rhs-image-desc"}}, {"pk": 5, "model": "property.property", "fields": {"type": 2, "name": "lhs-image-href"}}, {"pk": 6, "model": "property.property", "fields": {"type": 2, "name": "rhs-image-href"}}, {"pk": 7, "model": "property.property", "fields": {"type": 1, "name": "about-desc"}}, {"pk": 8, "model": "property.property", "fields": {"type": 2, "name": "about-href"}}, {"pk": 9, "model": "property.property", "fields": {"type": 1, "name": "about-text"}}, {"pk": 1, "model": "property.propertydata", "fields": {"property": 1, "data": "Star Wars Micro Machines"}}, {"pk": 2, "model": "property.propertydata", "fields": {"property": 2, "data": "Complete Collection"}}, {"pk": 3, "model": "property.propertydata", "fields": {"property": 3, "data": "Micro Machines"}}, {"pk": 4, "model": "property.propertydata", "fields": {"property": 4, "data": "Star Wars"}}, {"pk": 5, "model": "property.propertydata", "fields": {"property": 6, "data": "http://db.tt/FkWImUC"}}, {"pk": 6, "model": "property.propertydata", "fields": {"property": 5, "data": "http://db.tt/8SxRhkT"}}, {"pk": 7, "model": "property.propertydata", "fields": {"property": 7, "data": "About"}}, {"pk": 8, "model": "property.propertydata", "fields": {"property": 8, "data": "http://db.tt/17AFKgb"}}, {"pk": 1, "model": "property.propertytext", "fields": {"text": "<p>Lorem ipsum dolor sit amet, consectetur adipiscing elit. Etiam a est eu nunc sagittis consequat. Mauris lobortis felis ligula. Sed vestibulum diam in felis commodo blandit. Nunc aliquam vehicula urna eu vehicula. In magna nibh, imperdiet et commodo non, fringilla ut purus. Nullam iaculis interdum mauris. Etiam id felis hendrerit mi pellentesque consectetur sit amet ac leo. Fusce turpis nunc, laoreet sed varius eu, pharetra et justo. Maecenas vel elit nunc. Phasellus sit amet tellus bibendum dui pulvinar pellentesque a vel mi. Curabitur luctus porta neque vitae suscipit. Suspendisse quis auctor ipsum. Donec convallis erat in ipsum pellentesque sit amet aliquam mi scelerisque. Curabitur hendrerit, augue ut vulputate rutrum, arcu ipsum vulputate eros, in consectetur turpis risus in est. Vestibulum ante ipsum primis in faucibus orci luctus et ultrices posuere cubilia Curae; Vivamus vel diam leo, a semper arcu. Praesent placerat augue vitae arcu posuere non posuere quam fringilla. Fusce dolor quam, egestas et tincidunt sit amet, adipiscing ut sem.</p>\r\n\r\n<p>Aliquam varius blandit ante eu malesuada. Vivamus lobortis dignissim lacus, eu facilisis nisl vehicula id. Quisque sit amet gravida felis. Donec id orci massa, eget vulputate mauris. Vestibulum ante ipsum primis in faucibus orci luctus et ultrices posuere cubilia Curae; Suspendisse potenti. Sed nec lectus mauris, non mattis mauris. Nullam aliquam venenatis fringilla. Integer id neque id sapien elementum ornare ac quis velit. Curabitur vel lacus enim. Vivamus ut tortor mauris, vitae consequat neque. Fusce cursus orci in tortor posuere eget aliquam metus porttitor. Duis ut orci a lacus dignissim mollis quis at neque. Aliquam nec libero leo. Vivamus at leo odio, non ornare mauris. Mauris placerat augue commodo velit iaculis eu hendrerit felis convallis. Suspendisse potenti. In ornare nunc quis enim aliquam a dictum libero gravida.</p>\r\n\r\n<p>Nunc aliquet varius condimentum. Nam non sem ante. Pellentesque at tortor erat. Phasellus in ipsum nec velit mattis dignissim. Quisque varius lacinia ligula et dapibus. Class aptent taciti sociosqu ad litora torquent per conubia nostra, per inceptos himenaeos. Fusce dictum egestas posuere. Integer viverra tortor nec felis vehicula ut aliquam leo aliquam. Nulla eu orci risus, eu suscipit enim. Pellentesque ullamcorper, ante feugiat sollicitudin porta, ligula metus ultrices nisl, id vulputate metus augue id eros. Pellentesque eget dolor vitae nisl blandit lobortis sit amet sed tortor. Nullam sed nulla leo.</p>\r\n\r\n<p>Etiam a tellus quis libero blandit iaculis id et ligula. Integer vestibulum, magna sed aliquet euismod, diam tellus volutpat ligula, nec faucibus tellus mi ac leo. Ut quam leo, dictum at vestibulum quis, adipiscing vitae dolor. Nullam vel ligula eros. Vestibulum ante ipsum primis in faucibus orci luctus et ultrices posuere cubilia Curae; In hac habitasse platea dictumst. Vestibulum dignissim lobortis neque, sodales gravida arcu molestie quis. Nam quis orci rhoncus diam eleifend tempor et eu erat. Aenean libero velit, sollicitudin sed venenatis ut, tempor sed odio. Cras lacinia faucibus justo, vel aliquam eros sollicitudin at. Praesent tristique consequat orci a viverra. Duis sollicitudin orci mauris. Ut neque ipsum, venenatis in convallis quis, tincidunt ac nibh. Suspendisse potenti. Sed ut quam neque.</p>", "property": 9}}, {"pk": 1, "model": "home.collection", "fields": {"name": "Episode I"}}, {"pk": 2, "model": "home.collection", "fields": {"name": "Episode II"}}, {"pk": 1, "model": "home.gallery", "fields": {"name": "R2-D2", "color": "blue", "collection": 1, "ignore": false, "url": "http://db.tt/sxjjuiN", "type": "figure"}}, {"pk": 2, "model": "home.gallery", "fields": {"name": "Yoda", "color": "green", "collection": 1, "ignore": false, "url": "http://db.tt/17AFKgb", "type": "figure"}}, {"pk": 3, "model": "home.gallery", "fields": {"name": "Darth Vader", "color": "red", "collection": 1, "ignore": false, "url": "http://db.tt/EXUJxA2", "type": "figure"}}, {"pk": 1, "model": "home.image", "fields": {"name": "Figure #1", "url": "http://localhost/#", "url_info": "http://localhost/#", "ignore": false, "rate": "0", "url_large": "http://localhost/#", "gallery": 1}}, {"pk": 2, "model": "home.image", "fields": {"name": "Figure #2", "url": "http://localhost/#", "url_info": "http://localhost/#", "ignore": false, "rate": "0", "url_large": "http://localhost/#", "gallery": 1}}, {"pk": 3, "model": "home.image", "fields": {"name": "Figure #3", "url": "http://localhost/#", "url_info": "http://localhost/#", "ignore": false, "rate": "0", "url_large": "http://localhost/#", "gallery": 1}}, {"pk": 4, "model": "home.image", "fields": {"name": "Figure #4", "url": "http://localhost/#", "url_info": "http://localhost/#", "ignore": false, "rate": "0", "url_large": "http://localhost/#", "gallery": 1}}, {"pk": 5, "model": "home.image", "fields": {"name": "Figure #1", "url": "http://localhost/#", "url_info": "http://localhost/#", "ignore": false, "rate": "0", "url_large": "http://localhost/#", "gallery": 2}}, {"pk": 6, "model": "home.image", "fields": {"name": "Figure #2", "url": "http://localhost/#", "url_info": "http://localhost/#", "ignore": false, "rate": "0", "url_large": "http://localhost/#", "gallery": 2}}, {"pk": 7, "model": "home.image", "fields": {"name": "Figure #3", "url": "http://localhost/#", "url_info": "http://localhost/#", "ignore": false, "rate": "0", "url_large": "http://localhost/#", "gallery": 2}}, {"pk": 8, "model": "home.image", "fields": {"name": "Figure #4", "url": "http://localhost/#", "url_info": "http://localhost/#", "ignore": false, "rate": "0", "url_large": "http://localhost/#", "gallery": 2}}, {"pk": 9, "model": "home.image", "fields": {"name": "Figure #1", "url": "http://localhost/#", "url_info": "http://localhost/#", "ignore": false, "rate": "0", "url_large": "http://localhost/#", "gallery": 3}}, {"pk": 10, "model": "home.image", "fields": {"name": "Figure #2", "url": "http://localhost/#", "url_info": "http://localhost/#", "ignore": false, "rate": "0", "url_large": "http://localhost/#", "gallery": 3}}, {"pk": 11, "model": "home.image", "fields": {"name": "Figure #3", "url": "http://localhost/#", "url_info": "http://localhost/#", "ignore": false, "rate": "0", "url_large": "http://localhost/#", "gallery": 3}}, {"pk": 12, "model": "home.image", "fields": {"name": "Figure #4", "url": "http://localhost/#", "url_info": "http://localhost/#", "ignore": false, "rate": "0", "url_large": "http://localhost/#", "gallery": 3}}, {"pk": 1, "model": "comment.thread", "fields": {"name": "Thread #1"}}, {"pk": 2, "model": "comment.thread", "fields": {"name": "Thread #2"}}, {"pk": 3, "model": "comment.thread", "fields": {"name": "Thread #3"}}, {"pk": 4, "model": "comment.thread", "fields": {"name": "Thread #4"}}, {"pk": 5, "model": "comment.thread", "fields": {"name": "Thread #5"}}, {"pk": 6, "model": "comment.thread", "fields": {"name": "Thread #6"}}, {"pk": 7, "model": "comment.thread", "fields": {"name": "Thread #7"}}, {"pk": 8, "model": "comment.thread", "fields": {"name": "Thread #8"}}, {"pk": 9, "model": "comment.thread", "fields": {"name": "Thread #9"}}, {"pk": 10, "model": "comment.thread", "fields": {"name": "Thread #10"}}, {"pk": 1, "model": "comment.comment", "fields": {"username": "hsk81", "text": "Lorem ipsum dolor sit amet, consectetur adipiscing elit. Vivamus id nisi eget dui pulvinar ultrices. Nam vulputate posuere sapien, tempus interdum arcu suscipit vel. Pellentesque scelerisque arcu est, quis rutrum odio. Aenean hendrerit hendrerit nisi id fermentum. Curabitur egestas, dui vel iaculis convallis, odio risus posuere mi, quis ultricies tellus sapien a urna. Pellentesque in magna eu diam tincidunt mollis ac dictum lacus. Nulla fermentum pharetra lacus, sed fringilla enim cursus ultrices. Donec varius ornare ipsum eu tempor. Nullam fermentum massa ut orci ultrices mollis. Lorem ipsum dolor sit amet, consectetur adipiscing elit. Class aptent taciti sociosqu ad litora torquent per conubia nostra, per inceptos himenaeos. Pellentesque faucibus lectus pulvinar lacus convallis dictum. Sed suscipit ante vel odio sodales suscipit. Integer mollis augue eu odio tincidunt pellentesque non sit amet libero. In vestibulum arcu et odio sollicitudin commodo.", "email": "hsk81@mail.net", "thread": 1, "timestamp": "2011-03-20 16:11:00"}}, {"pk": 4, "model": "comment.comment", "fields": {"username": "hsk81", "text": "..", "email": "hsk81@mail.net", "thread": 3, "timestamp": "2011-03-20 16:41:00"}}, {"pk": 5, "model": "comment.comment", "fields": {"username": "hsk81", "text": "..", "email": "hsk81@mail.net", "thread": 5, "timestamp": "2011-03-27 18:30:53"}}, {"pk": 6, "model": "comment.comment", "fields": {"username": "hsk81", "text": "..", "email": "hsk81@mail.net", "thread": 6, "timestamp": "2011-03-27 18:30:54"}}, {"pk": 7, "model": "comment.comment", "fields": {"username": "hsk81", "text": "..", "email": "hsk81@mail.net", "thread": 7, "timestamp": "2011-03-27 18:30:54"}}, {"pk": 8, "model": "comment.comment", "fields": {"username": "hsk81", "text": "..", "email": "hsk81@mail.net", "thread": 8, "timestamp": "2011-03-27 18:30:54"}}, {"pk": 9, "model": "comment.comment", "fields": {"username": "hsk81", "text": "..", "email": "hsk81@mail.net", "thread": 9, "timestamp": "2011-03-27 18:30:54"}}, {"pk": 10, "model": "comment.comment", "fields": {"username": "hsk81", "text": "..", "email": "hsk81@mail.net", "thread": 10, "timestamp": "2011-03-27 18:30:55"}}, {"pk": 11, "model": "comment.comment", "fields": {"username": "hsk81", "text": "Morbi a augue dolor. Proin ultrices mollis mattis. Morbi quis quam non nisi varius pharetra. Nam aliquet eleifend est, ornare euismod risus consectetur ac. Nam volutpat, ante in imperdiet imperdiet, purus purus sagittis diam, vel viverra risus elit ut arcu. Fusce venenatis mollis erat, non adipiscing leo pellentesque a. Morbi ornare ullamcorper elit ut imperdiet. Maecenas vel nulla sed lorem sollicitudin imperdiet. Fusce sed molestie dolor. Suspendisse in orci velit, eget rhoncus turpis. Duis egestas tortor pharetra ante condimentum semper a at dolor. Nullam dui mauris, facilisis eu aliquam ut, pulvinar nec diam. Ut sit amet dolor metus, eget mattis elit.", "email": "hsk81@mail.net", "thread": 1, "timestamp": "2011-03-27 18:30:55"}}, {"pk": 12, "model": "comment.comment", "fields": {"username": "hsk81", "text": "..", "email": "hsk81@mail.net", "thread": 2, "timestamp": "2011-03-27 18:30:55"}}, {"pk": 13, "model": "comment.comment", "fields": {"username": "hsk81", "text": "..", "email": "hsk81@mail.net", "thread": 3, "timestamp": "2011-03-27 18:30:55"}}, {"pk": 14, "model": "comment.comment", "fields": {"username": "hsk81", "text": "..", "email": "hsk81@mail.net", "thread": 4, "timestamp": "2011-03-27 18:30:56"}}, {"pk": 15, "model": "comment.comment", "fields": {"username": "hsk81", "text": "..", "email": "hsk81@mail.net", "thread": 5, "timestamp": "2011-03-27 18:30:56"}}, {"pk": 16, "model": "comment.comment", "fields": {"username": "hsk81", "text": "..", "email": "hsk81@mail.net", "thread": 6, "timestamp": "2011-03-27 18:30:56"}}, {"pk": 17, "model": "comment.comment", "fields": {"username": "hsk81", "text": "..", "email": "hsk81@mail.net", "thread": 7, "timestamp": "2011-03-27 18:30:57"}}, {"pk": 18, "model": "comment.comment", "fields": {"username": "hsk81", "text": "..", "email": "hsk81@mail.net", "thread": 8, "timestamp": "2011-03-27 18:30:57"}}, {"pk": 19, "model": "comment.comment", "fields": {"username": "hsk81", "text": "..", "email": "hsk81@mail.net", "thread": 9, "timestamp": "2011-03-27 18:30:57"}}, {"pk": 20, "model": "comment.comment", "fields": {"username": "hsk81", "text": "..", "email": "hsk81@mail.net", "thread": 10, "timestamp": "2011-03-27 18:30:57"}}, {"pk": 21, "model": "comment.comment", "fields": {"username": "hsk81", "text": "Cras sit amet nisl ac dui scelerisque vulputate eu vitae neque. Lorem ipsum dolor sit amet, consectetur adipiscing elit. In est ante, pretium ac mattis ac, eleifend sed mi. Curabitur sem eros, tristique ac lacinia ac, condimentum sit amet diam. Quisque at mi justo, ut volutpat sapien. Proin leo mi, elementum sed tincidunt sit amet, pretium ac tellus. Duis ut sapien dictum purus pellentesque congue. Nunc at elit elit. Cras sed nibh quis ligula pharetra gravida eu in enim. Ut est nulla, volutpat vitae hendrerit pharetra, mollis vel metus. Nullam elit justo, congue ut convallis et, suscipit sit amet neque. Praesent fringilla, risus vitae tincidunt imperdiet, lacus elit ultricies metus, vel aliquet mauris massa in mauris. Fusce convallis sollicitudin sem, et interdum erat varius eu. Etiam mattis eleifend dolor, quis consectetur magna tempus eu. Morbi eget dictum risus. Etiam sed enim eget arcu consectetur dapibus quis ut nulla. Mauris non risus elit, nec pulvinar neque.", "email": "hsk81@mail.net", "thread": 1, "timestamp": "2011-03-27 18:30:58"}}, {"pk": 22, "model": "comment.comment", "fields": {"username": "hsk81", "text": "..", "email": "hsk81@mail.net", "thread": 2, "timestamp": "2011-03-27 18:30:58"}}, {"pk": 23, "model": "comment.comment", "fields": {"username": "hsk81", "text": "..", "email": "hsk81@mail.net", "thread": 3, "timestamp": "2011-03-27 18:30:58"}}, {"pk": 24, "model": "comment.comment", "fields": {"username": "hsk81", "text": "..", "email": "hsk81@mail.net", "thread": 4, "timestamp": "2011-03-27 18:30:59"}}, {"pk": 25, "model": "comment.comment", "fields": {"username": "hsk81", "text": "..", "email": "hsk81@mail.net", "thread": 5, "timestamp": "2011-03-27 18:30:59"}}, {"pk": 26, "model": "comment.comment", "fields": {"username": "hsk81", "text": "..", "email": "hsk81@mail.net", "thread": 6, "timestamp": "2011-03-27 18:30:59"}}, {"pk": 27, "model": "comment.comment", "fields": {"username": "hsk81", "text": "..", "email": "hsk81@mail.net", "thread": 7, "timestamp": "2011-03-27 18:30:59"}}, {"pk": 28, "model": "comment.comment", "fields": {"username": "hsk81", "text": "..", "email": "hsk81@mail.net", "thread": 8, "timestamp": "2011-03-27 18:31:00"}}, {"pk": 29, "model": "comment.comment", "fields": {"username": "hsk81", "text": "..", "email": "hsk81@mail.net", "thread": 9, "timestamp": "2011-03-27 18:31:00"}}, {"pk": 30, "model": "comment.comment", "fields": {"username": "hsk81", "text": "..", "email": "hsk81@mail.net", "thread": 10, "timestamp": "2011-03-27 18:31:00"}}, {"pk": 31, "model": "comment.comment", "fields": {"username": "hsk81", "text": "Nullam at leo eget tortor sagittis consectetur id dignissim quam. Donec tempus malesuada massa, eu mattis tortor viverra quis. Vivamus orci metus, ultricies vitae condimentum non, fringilla eu mi. Ut pulvinar egestas nunc id fermentum. Pellentesque habitant morbi tristique senectus et netus et malesuada fames ac turpis egestas. Pellentesque scelerisque lectus sit amet enim semper interdum. Morbi elit neque, feugiat vel suscipit eget, gravida id odio. Nam a nisl quam. Nam lacus dolor, adipiscing sit amet tempus a, pulvinar ac risus. Sed lacinia euismod mauris, sed vulputate velit euismod in. Suspendisse rhoncus ornare purus, sed auctor massa semper a. Fusce sit amet mi elit. Donec congue, magna id elementum porttitor, libero justo hendrerit nibh, nec gravida felis urna a tellus. Quisque in nisi est, id rhoncus tellus. Cras tristique vehicula dui ac eleifend. Aenean eget sapien sed nunc placerat egestas sit amet vel risus. Mauris faucibus dolor vel mi facilisis ut consequat eros commodo. Nullam enim odio, scelerisque consequat mattis quis, condimentum vel mi.", "email": "hsk81@mail.net", "thread": 1, "timestamp": "2011-03-27 18:31:00"}}, {"pk": 32, "model": "comment.comment", "fields": {"username": "hsk81", "text": "..", "email": "hsk81@mail.net", "thread": 2, "timestamp": "2011-03-27 18:31:01"}}, {"pk": 33, "model": "comment.comment", "fields": {"username": "hsk81", "text": "..", "email": "hsk81@mail.net", "thread": 3, "timestamp": "2011-03-27 18:31:01"}}, {"pk": 34, "model": "comment.comment", "fields": {"username": "hsk81", "text": "..", "email": "hsk81@mail.net", "thread": 4, "timestamp": "2011-03-27 18:31:01"}}, {"pk": 35, "model": "comment.comment", "fields": {"username": "hsk81", "text": "..", "email": "hsk81@mail.net", "thread": 5, "timestamp": "2011-03-27 18:31:01"}}, {"pk": 36, "model": "comment.comment", "fields": {"username": "hsk81", "text": "..", "email": "hsk81@mail.net", "thread": 6, "timestamp": "2011-03-27 18:31:02"}}, {"pk": 37, "model": "comment.comment", "fields": {"username": "hsk81", "text": "..", "email": "hsk81@mail.net", "thread": 7, "timestamp": "2011-03-27 18:31:02"}}, {"pk": 38, "model": "comment.comment", "fields": {"username": "hsk81", "text": "..", "email": "hsk81@mail.net", "thread": 8, "timestamp": "2011-03-27 18:31:02"}}, {"pk": 39, "model": "comment.comment", "fields": {"username": "hsk81", "text": "..", "email": "hsk81@mail.net", "thread": 9, "timestamp": "2011-03-27 18:31:02"}}, {"pk": 40, "model": "comment.comment", "fields": {"username": "hsk81", "text": "..", "email": "hsk81@mail.net", "thread": 10, "timestamp": "2011-03-27 18:31:03"}}, {"pk": 41, "model": "comment.comment", "fields": {"username": "hsk81", "text": "Nullam pulvinar, justo tempus egestas dapibus, turpis eros dictum mi, eu rhoncus metus mi nec lorem. Nulla sollicitudin sodales eros, sit amet hendrerit orci aliquet id. Maecenas iaculis augue id augue venenatis volutpat. Mauris quis massa et urna aliquam tempor. Vivamus a scelerisque felis. Nunc pretium vehicula velit quis faucibus. Mauris feugiat mi eu erat congue a volutpat mi sollicitudin. Aliquam malesuada sollicitudin vulputate. Vivamus luctus posuere ligula, quis malesuada risus interdum id. Vestibulum et lorem nisl. In nisl arcu, laoreet vitae commodo a, sagittis sit amet velit. Curabitur tincidunt vulputate dui, tempus facilisis nisi tempus ut. Nulla sed metus pellentesque lorem euismod rutrum a eget libero. Cras a lacus sem. Quisque vehicula laoreet ullamcorper.", "email": "hsk81@mail.net", "thread": 1, "timestamp": "2011-03-27 18:31:03"}}, {"pk": 42, "model": "comment.comment", "fields": {"username": "hsk81", "text": "..", "email": "hsk81@mail.net", "thread": 2, "timestamp": "2011-03-27 18:31:03"}}, {"pk": 43, "model": "comment.comment", "fields": {"username": "hsk81", "text": "..", "email": "hsk81@mail.net", "thread": 3, "timestamp": "2011-03-27 18:31:03"}}, {"pk": 44, "model": "comment.comment", "fields": {"username": "hsk81", "text": "..", "email": "hsk81@mail.net", "thread": 4, "timestamp": "2011-03-27 18:31:04"}}, {"pk": 45, "model": "comment.comment", "fields": {"username": "hsk81", "text": "..", "email": "hsk81@mail.net", "thread": 5, "timestamp": "2011-03-27 18:31:04"}}, {"pk": 46, "model": "comment.comment", "fields": {"username": "hsk81", "text": "..", "email": "hsk81@mail.net", "thread": 6, "timestamp": "2011-03-27 18:31:04"}}, {"pk": 47, "model": "comment.comment", "fields": {"username": "hsk81", "text": "..", "email": "hsk81@mail.net", "thread": 7, "timestamp": "2011-03-27 18:31:04"}}, {"pk": 48, "model": "comment.comment", "fields": {"username": "hsk81", "text": "..", "email": "hsk81@mail.net", "thread": 8, "timestamp": "2011-03-27 18:31:05"}}, {"pk": 49, "model": "comment.comment", "fields": {"username": "hsk81", "text": "..", "email": "hsk81@mail.net", "thread": 9, "timestamp": "2011-03-27 18:31:05"}}, {"pk": 50, "model": "comment.comment", "fields": {"username": "hsk81", "text": "..", "email": "hsk81@mail.net", "thread": 10, "timestamp": "2011-03-27 18:31:05"}}, {"pk": 51, "model": "comment.comment", "fields": {"username": "hsk81", "text": "Suspendisse et dui dolor. Donec a nisi eu nunc posuere fringilla. Nunc fringilla mi risus. Nullam congue mauris a velit rutrum eu imperdiet nisl fermentum. Duis ultrices ullamcorper erat euismod varius. Vivamus sed lectus est. Duis arcu diam, fringilla non interdum non, interdum eget felis. Etiam egestas ullamcorper nunc nec vestibulum. In auctor, erat et molestie faucibus, lectus lorem suscipit nibh, et consectetur urna arcu sed arcu. Phasellus semper nisl ac ligula molestie vitae fermentum arcu venenatis. Praesent eleifend sem ut leo aliquam sed tempor felis varius. Sed ut tellus vitae sapien pulvinar consequat. Phasellus in metus quis diam tincidunt varius. Praesent tellus libero, aliquam porta tincidunt vitae, condimentum ut nisi. Nullam vitae venenatis neque. Donec risus mauris, feugiat eget sodales pulvinar, lacinia id velit. Morbi rhoncus ante eu enim bibendum elementum eget ac sapien. Vestibulum ante ipsum primis in faucibus orci luctus et ultrices posuere cubilia Curae;", "email": "hsk81@mail.net", "thread": 1, "timestamp": "2011-03-27 18:31:05"}}, {"pk": 52, "model": "comment.comment", "fields": {"username": "hsk81", "text": "..", "email": "hsk81@mail.net", "thread": 2, "timestamp": "2011-03-27 18:31:06"}}, {"pk": 53, "model": "comment.comment", "fields": {"username": "hsk81", "text": "..", "email": "hsk81@mail.net", "thread": 3, "timestamp": "2011-03-27 18:31:06"}}, {"pk": 54, "model": "comment.comment", "fields": {"username": "hsk81", "text": "..", "email": "hsk81@mail.net", "thread": 4, "timestamp": "2011-03-27 18:31:06"}}, {"pk": 55, "model": "comment.comment", "fields": {"username": "hsk81", "text": "..", "email": "hsk81@mail.net", "thread": 5, "timestamp": "2011-03-27 18:31:07"}}, {"pk": 56, "model": "comment.comment", "fields": {"username": "hsk81", "text": "..", "email": "hsk81@mail.net", "thread": 6, "timestamp": "2011-03-27 18:31:07"}}, {"pk": 57, "model": "comment.comment", "fields": {"username": "hsk81", "text": "..", "email": "hsk81@mail.net", "thread": 7, "timestamp": "2011-03-27 18:31:07"}}, {"pk": 58, "model": "comment.comment", "fields": {"username": "hsk81", "text": "..", "email": "hsk81@mail.net", "thread": 8, "timestamp": "2011-03-27 18:31:07"}}, {"pk": 59, "model": "comment.comment", "fields": {"username": "hsk81", "text": "..", "email": "hsk81@mail.net", "thread": 9, "timestamp": "2011-03-27 18:31:08"}}, {"pk": 60, "model": "comment.comment", "fields": {"username": "hsk81", "text": "..", "email": "hsk81@mail.net", "thread": 10, "timestamp": "2011-03-27 18:31:08"}}, {"pk": 61, "model": "comment.comment", "fields": {"username": "hsk81", "text": "Quisque a odio eget eros suscipit suscipit fermentum ac eros. Sed ut diam ac diam fermentum venenatis. Curabitur vehicula ullamcorper dolor hendrerit venenatis. Proin accumsan adipiscing est aliquet scelerisque. Proin tincidunt, lacus a venenatis tempus, neque massa tristique dui, eget sagittis magna mauris vitae dui. Fusce vel arcu sed felis aliquet euismod id ut massa. In massa nisi, cursus vel suscipit eget, ultricies in arcu. In vel risus libero, ut tincidunt lectus. Vestibulum justo libero, vulputate at sollicitudin non, mollis at lectus. Phasellus sagittis leo lacinia mauris vulputate imperdiet. Cras rutrum magna et dui sollicitudin pretium sodales leo convallis. Etiam ullamcorper tempus sagittis. Suspendisse porttitor facilisis risus id ornare. Aliquam dignissim enim mi, vel rutrum mi.", "email": "hsk81@mail.net", "thread": 1, "timestamp": "2011-03-27 18:31:08"}}, {"pk": 62, "model": "comment.comment", "fields": {"username": "hsk81", "text": "..", "email": "hsk81@mail.net", "thread": 2, "timestamp": "2011-03-27 18:31:08"}}, {"pk": 63, "model": "comment.comment", "fields": {"username": "hsk81", "text": "..", "email": "hsk81@mail.net", "thread": 3, "timestamp": "2011-03-27 18:31:09"}}, {"pk": 64, "model": "comment.comment", "fields": {"username": "hsk81", "text": "..", "email": "hsk81@mail.net", "thread": 4, "timestamp": "2011-03-27 18:31:09"}}, {"pk": 22, "model": "auth.permission", "fields": {"codename": "add_logentry", "name": "Can add log entry", "content_type": 8}}, {"pk": 23, "model": "auth.permission", "fields": {"codename": "change_logentry", "name": "Can change log entry", "content_type": 8}}, {"pk": 24, "model": "auth.permission", "fields": {"codename": "delete_logentry", "name": "Can delete log entry", "content_type": 8}}, {"pk": 4, "model": "auth.permission", "fields": {"codename": "add_group", "name": "Can add group", "content_type": 2}}, {"pk": 5, "model": "auth.permission", "fields": {"codename": "change_group", "name": "Can change group", "content_type": 2}}, {"pk": 6, "model": "auth.permission", "fields": {"codename": "delete_group", "name": "Can delete group", "content_type": 2}}, {"pk": 10, "model": "auth.permission", "fields": {"codename": "add_message", "name": "Can add message", "content_type": 4}}, {"pk": 11, "model": "auth.permission", "fields": {"codename": "change_message", "name": "Can change message", "content_type": 4}}, {"pk": 12, "model": "auth.permission", "fields": {"codename": "delete_message", "name": "Can delete message", "content_type": 4}}, {"pk": 1, "model": "auth.permission", "fields": {"codename": "add_permission", "name": "Can add permission", "content_type": 1}}, {"pk": 2, "model": "auth.permission", "fields": {"codename": "change_permission", "name": "Can change permission", "content_type": 1}}, {"pk": 3, "model": "auth.permission", "fields": {"codename": "delete_permission", "name": "Can delete permission", "content_type": 1}}, {"pk": 7, "model": "auth.permission", "fields": {"codename": "add_user", "name": "Can add user", "content_type": 3}}, {"pk": 8, "model": "auth.permission", "fields": {"codename": "change_user", "name": "Can change user", "content_type": 3}}, {"pk": 9, "model": "auth.permission", "fields": {"codename": "delete_user", "name": "Can delete user", "content_type": 3}}, {"pk": 49, "model": "auth.permission", "fields": {"codename": "add_comment", "name": "Can add comment", "content_type": 17}}, {"pk": 50, "model": "auth.permission", "fields": {"codename": "change_comment", "name": "Can change comment", "content_type": 17}}, {"pk": 51, "model": "auth.permission", "fields": {"codename": "delete_comment", "name": "Can delete comment", "content_type": 17}}, {"pk": 46, "model": "auth.permission", "fields": {"codename": "add_thread", "name": "Can add thread", "content_type": 16}}, {"pk": 47, "model": "auth.permission", "fields": {"codename": "change_thread", "name": "Can change thread", "content_type": 16}}, {"pk": 48, "model": "auth.permission", "fields": {"codename": "delete_thread", "name": "Can delete thread", "content_type": 16}}, {"pk": 13, "model": "auth.permission", "fields": {"codename": "add_contenttype", "name": "Can add content type", "content_type": 5}}, {"pk": 14, "model": "auth.permission", "fields": {"codename": "change_contenttype", "name": "Can change content type", "content_type": 5}}, {"pk": 15, "model": "auth.permission", "fields": {"codename": "delete_contenttype", "name": "Can delete content type", "content_type": 5}}, {"pk": 37, "model": "auth.permission", "fields": {"codename": "add_collection", "name": "Can add collection", "content_type": 13}}, {"pk": 38, "model": "auth.permission", "fields": {"codename": "change_collection", "name": "Can change collection", "content_type": 13}}, {"pk": 39, "model": "auth.permission", "fields": {"codename": "delete_collection", "name": "Can delete collection", "content_type": 13}}, {"pk": 40, "model": "auth.permission", "fields": {"codename": "add_gallery", "name": "Can add gallery", "content_type": 14}}, {"pk": 41, "model": "auth.permission", "fields": {"codename": "change_gallery", "name": "Can change gallery", "content_type": 14}}, {"pk": 42, "model": "auth.permission", "fields": {"codename": "delete_gallery", "name": "Can delete gallery", "content_type": 14}}, {"pk": 43, "model": "auth.permission", "fields": {"codename": "add_image", "name": "Can add image", "content_type": 15}}, {"pk": 44, "model": "auth.permission", "fields": {"codename": "change_image", "name": "Can change image", "content_type": 15}}, {"pk": 45, "model": "auth.permission", "fields": {"codename": "delete_image", "name": "Can delete image", "content_type": 15}}, {"pk": 28, "model": "auth.permission", "fields": {"codename": "add_property", "name": "Can add property", "content_type": 10}}, {"pk": 29, "model": "auth.permission", "fields": {"codename": "change_property", "name": "Can change property", "content_type": 10}}, {"pk": 30, "model": "auth.permission", "fields": {"codename": "delete_property", "name": "Can delete property", "content_type": 10}}, {"pk": 31, "model": "auth.permission", "fields": {"codename": "add_propertydata", "name": "Can add property data", "content_type": 11}}, {"pk": 32, "model": "auth.permission", "fields": {"codename": "change_propertydata", "name": "Can change property data", "content_type": 11}}, {"pk": 33, "model": "auth.permission", "fields": {"codename": "delete_propertydata", "name": "Can delete property data", "content_type": 11}}, {"pk": 34, "model": "auth.permission", "fields": {"codename": "add_propertytext", "name": "Can add property text", "content_type": 12}}, {"pk": 35, "model": "auth.permission", "fields": {"codename": "change_propertytext", "name": "Can change property text", "content_type": 12}}, {"pk": 36, "model": "auth.permission", "fields": {"codename": "delete_propertytext", "name": "Can delete property text", "content_type": 12}}, {"pk": 25, "model": "auth.permission", "fields": {"codename": "add_propertytype", "name": "Can add property type", "content_type": 9}}, {"pk": 26, "model": "auth.permission", "fields": {"codename": "change_propertytype", "name": "Can change property type", "content_type": 9}}, {"pk": 27, "model": "auth.permission", "fields": {"codename": "delete_propertytype", "name": "Can delete property type", "content_type": 9}}, {"pk": 16, "model": "auth.permission", "fields": {"codename": "add_session", "name": "Can add session", "content_type": 6}}, {"pk": 17, "model": "auth.permission", "fields": {"codename": "change_session", "name": "Can change session", "content_type": 6}}, {"pk": 18, "model": "auth.permission", "fields": {"codename": "delete_session", "name": "Can delete session", "content_type": 6}}, {"pk": 19, "model": "auth.permission", "fields": {"codename": "add_site", "name": "Can add site", "content_type": 7}}, {"pk": 20, "model": "auth.permission", "fields": {"codename": "change_site", "name": "Can change site", "content_type": 7}}, {"pk": 21, "model": "auth.permission", "fields": {"codename": "delete_site", "name": "Can delete site", "content_type": 7}}, {"pk": 1, "model": "auth.group", "fields": {"name": "user", "permissions": [49, 50, 51, 46, 47, 48, 37, 38, 39, 40, 41, 42, 43, 44, 45, 32, 35, 19, 20, 21]}}, {"pk": 1, "model": "auth.user", "fields": {"username": "admin", "first_name": "", "last_name": "", "is_active": true, "is_superuser": true, "is_staff": true, "last_login": "2011-04-03 01:45:36", "groups": [], "user_permissions": [], "password": "sha1$083fa$0d1396780377c9c3d30ca4cc69e7a15f561aa3cd", "email": "hasan.karahan81@gmail.com", "date_joined": "2011-02-20 06:45:56"}}, {"pk": 2, "model": "auth.user", "fields": {"username": "serdar.kalfa", "first_name": "Serdar", "last_name": "Kalfa", "is_active": true, "is_superuser": false, "is_staff": true, "last_login": "2011-04-03 01:46:24", "groups": [1], "user_permissions": [], "password": "sha1$15213$46de8796957da28944edfbb3c7f4799754757a14", "email": "serdar.kalfa@mail.net", "date_joined": "2011-03-27 21:18:18"}}]
